0,1,2,3,4,5,6,7,8,9,10,11,12,13,14,15,16,17,18
Table 6.1. Scoreboard for Canada,,,,,,,,,,,,,,,,,,
"Indicator 
Unit",2007,2008,2009,2010,2011,2012,2013,2014,2015,2016,2017,2018,2019,2020,2021,2022,2023,2024
,,,,,,Debt,,,,,,,,,,,,
"Outstanding business loans, SMEs  
CAD billion",83.4,83.4,86.4,85.7,90.1,87.7,92.2,93.5,97.4,99.6,104,106,109.8,117.9,127.5,140.4,134.8,160.1
"Outstanding business loans, total  
CAD billion",480,534,482,490,514,557,602,659,739,775,834,918,984.9,10 007,1 097,1 236,1 346,1 363
"Share of SME outstanding loans 
% of total outstanding",17.4,15.6,17.9,17.5,17.5,15.8,15.3,14.2,13.2,12.9,12.5,11.5,11.15,11.71,11.63,11.36,10.0,11.8
business loans,,,,,,,,,,,,,,,,,,
"New business lending, total 
CAD billion",,,,,126,142,151,169,188,204,234,270,285.7,287.7,317.8,361.3,370.8,402.8
"New business lending, SMEs 
CAD billion",,,,,20.2,21.7,22.8,23.2,24.0,22.8,25.2,27.2,26.8,26.7,28.9,31.1,30.1,23.4
"Share of new SME lending  
% of total new lending",,,,,16,15.3,15.1,13.7,12.7,11.2,10.8,10.1,9.39,9.30,9.11,8.60,8.12,5.81
"Outstanding short-term loans, SMEs   CAD billion",15.1,,,,6.9,,,15.6,,,24.2,,,15.6,,,38.6,
"Outstanding long-term loans, SMEs  
CAD billion",21.1,,,,12.8,,,12.4,,,32.4,,,23.8,,,42.6,
"Share of short-term SME lending 
% of total SME lending",41.6,,43.4,36.3,35.1,39.0,46.0,55.7,47.2,36.2,42.8,30.1,19.50,39.62,31.52,19.66,47.6,27.1
"Government loan guarantees, SMEs  CAD billion",1.20,1.30,1.20,1.30,1.30,1.08,1.06,1.01,1.11,1.30,1.54,1.75,1.89,3.27,3.91,3.97,4.29,4.69
"Direct government loans, SMEs 
CAD billion",4.40,4.10,5.50,4.70,6.00,5.80,4.60,6.50,6.70,7.9,8.0,8.4,8.10,9.92,11.35,13.18,12.01,14.55
"Interest rate, SMEs 
%",7.50,,6.20,5.80,5.30,5.40,5.60,5.10,5.10,5.30,5.20,5.70,5.30,4.80,4.09,6.21,9.00,7.28
"Interest rate, large firms 
%",6.10,,3.10,2.60,3.00,3.00,3.00,3.00,2.80,2.70,2.90,3.64,3.60,2.77,2.45,4.11,6.94,6.77
"Interest rate spread 
Percentage points",1.40,,3.10,3.20,2.30,2.40,2.60,2.10,2.30,2.60,2.30,2.06,1.70,2.03,1.64,2.10,2.06,0.51
"Collateral, SMEs 
% of SMEs needing",47.7,,56.1,66.7,64.8,76.0,56.0,66.6,80.0,74.0,64.1,70.0,72.73,61.10,57.77,62.02,46.70,65.25
collateral to obtain bank,,,,,,,,,,,,,,,,,,
lending,,,,,,,,,,,,,,,,,,
"Percentage of SME loan 
SME loan applications/ total",17.0,,14.0,18.0,24.0,26.0,30.0,27.0,23.0,26.0,26.0,27.0,26.71,16.10,16.70,17.69,25.40,9.04
"applications 
number of SMEs",,,,,,,,,,,,,,,,,,
"Rejection rate 
Percentage of businesses'",,,,9.0,8.0,7.0,9.0,12.8,7.0,9.0,9.5,9.0,8.3,8.4,5.5,7.1,8.00,7.57
debt financing requests that,,,,,,,,,,,,,,,,,,
Key facts on SME financing,,,,,,,,,,,,,,,,,,
"Chile's  GDP  grew  by  2.6%  in  2024,  mainly  driven  by  an  increase  in  mining  exports,  while  investment",,,,,,,,,,,,,,,,,,
"declined by 1.4%, and consumption grew moderately by 1.0%.",,,,,,,,,,,,,,,,,,
"MSMEs accounted for 98.6% of the firms for the tax year 20241, but only represented 12.6% of total annual",,,,,,,,,,,,,,,,,,
"sales, according to the Internal Revenue Service2 (SII) which provides a size classification based on firms’",,,,,,,,,,,,,,,,,,
total annual sales.,,,,,,,,,,,,,,,,,,
"In terms of MSME access to credit, results from the “Banking Credit Survey” of the Central Bank of Chile3",,,,,,,,,,,,,,,,,,
"(BCCh), show that in Q4 2024, conditions for the supply and demand of credit remained limited, although",,,,,,,,,,,,,,,,,,
they were moderately less restrictive than in Q4 of 2023.,,,,,,,,,,,,,,,,,,
The  outstanding  debt  of  SMEs  and  the  share  of  the  outstanding  stock  of  SME  loans  to  the  total  loans,,,,,,,,,,,,,,,,,,
"increased between 2023 and 2024. Specifically, SME loans increased  from CLP 26.2 billion in 2023 to",,,,,,,,,,,,,,,,,,
"CLP 26.9 billion in 2024, and the share of stock increased from 19.6% to 20.7% during the period.",,,,,,,,,,,,,,,,,,
"Meanwhile, other financing alternatives for firms like factoring and invoice discounting were stable between",,,,,,,,,,,,,,,,,,
"2022 and 2024, reaching around CLP 5.4 billion in the stock of factoring operations.",,,,,,,,,,,,,,,,,,
"New developments on policies to support MSMEs and particularly the financing of MSMEs, through the",,,,,,,,,,,,,,,,,,
Production Development Corporation4 (Corfo) and the Technical Cooperation Service5 (Sercotec) included,,,,,,,,,,,,,,,,,,
"the  expansion  of  social  programs,  and  promotion  of  instruments  related  to  formalization  and  financing.",,,,,,,,,,,,,,,,,,
"Through  Sercotec,  instruments  related  to  foster  formalization  and  support  for  micro  and  small  firms  in",,,,,,,,,,,,,,,,,,
"different areas, benefited more than 9 000 firms and cooperatives from all regions of the country, for more",,,,,,,,,,,,,,,,,,
"than  USD  40  million  in  20246.    For  MSME  financing,  Corfo  supported  more  than  23  000  companies,",,,,,,,,,,,,,,,,,,
granting credits for more than USD 1.3 million.7,,,,,,,,,,,,,,,,,,
Instruments,focusing  on,formalization,"include  Capital  Abeja,  Capital  Semilla  and  Creación",y,,,,,,,,,,,,,,
"Fortalecimiento de Cooperativas. Financing initiatives include Fogape Chile  Apoya, and venture capital",,,,,,,,,,,,,,,,,,
funds supported by Corfo8. Some financing measures are implemented jointly with BancoEstado9.,,,,,,,,,,,,,,,,,,
"Finally,  discussions  in  congress  are  advancing  for  the  creation  of  an  agency  focusing  exclusively  on",,,,,,,,,,,,,,,,,,
financing  investment  projects  -Agencia  de  Financiamiento  e  Inversión  para  el  Desarrollo  (AFIDE).  It  is,,,,,,,,,,,,,,,,,,
expected to be approved in the following years.,,,,,,,,,,,,,,,,,,
